 {
    "Bayview": [
        37.72897909177132,
        -122.39037215876513
    ],
    "Bernal Heights": [
        37.7418426067524,
        -122.41621994967791
    ],
    "Castro/Upper Market": [
        37.76253372103045,
        -122.43451560740377
    ],
    "Chinatown": [
        37.791897441620854,
        -122.4067313429551
    ],
    "Crocker Amazon": [
        37.71040731685269,
        -122.43932836520828
    ],
    "Diamond Heights": [
        37.74304506999425,
        -122.44125102980082
    ],
    "Downtown/Civic Center": [
        37.78560143572433,
        -122.41395224396892
    ],
    "Excelsior": [
        37.7254153490687,
        -122.42375799245458
    ],
    "Financial District": [
        37.790164671583234,
        -122.40008680887165
    ],
    "Glen Park": [
        37.73775177240531,
        -122.43144318649968
    ],
    "Golden Gate Park": [
        37.76873031253758,
        -122.47950012542148
    ],
    "Haight Ashbury": [
        37.770057553641045,
        -122.44599979350366
    ],
    "Inner Richmond": [
        37.77913486021979,
        -122.46386416260964
    ],
    "Inner Sunset": [
        37.76044626890579,
        -122.46571425847957
    ],
    "Lakeshore": [
        37.7202812447874,
        -122.48186651856248
    ],
    "Marina": [
        37.80082494704437,
        -122.43486273706766
    ],
    "Mission": [
        37.75837549504547,
        -122.41716062889334
    ],
    "Nob Hill": [
        37.792982547302664,
        -122.4157895579223
    ],
    "Noe Valley": [
        37.74978122253156,
        -122.4320677026198
    ],
    "North Beach": [
        37.80195992368156,
        -122.4082846068969
    ],
    "Ocean View": [
        37.71763189395111,
        -122.4610276172388
    ],
    "Outer Mission": [
        37.72757105748836,
        -122.44146423619247
    ],
    "Outer Richmond": [
        37.77733891057393,
        -122.49218853351627
    ],
    "Outer Sunset": [
        37.75643604285866,
        -122.49511354369056
    ],
    "Pacific Heights": [
        37.79234269701417,
        -122.43367885958396
    ],
    "Parkside": [
        37.74206020704652,
        -122.48704263997358
    ],
    "Potrero Hill": [
        37.75904519536651,
        -122.3976709316644
    ],
    "Presidio": [
        37.79968358024673,
        -122.45846648926234
    ],
    "Presidio Heights": [
        37.78477799121847,
        -122.45403477632928
    ],
    "Russian Hill": [
        37.801138401227604,
        -122.41850050286602
    ],
    "Seacliff": [
        37.78304688501543,
        -122.49724889226714
    ],
    "South of Market": [
        37.7783299914222,
        -122.40328221692424
    ],
    "Treasure Island/YBI": [
        37.823667304751304,
        -122.37399167438446
    ],
    "Twin Peaks": [
        37.753636259384066,
        -122.44715071108845
    ],
    "Visitacion Valley": [
        37.71607140500467,
        -122.40708167842531
    ],
    "West of Twin Peaks": [
        37.73550582716622,
        -122.45899343653116
    ],
    "Western Addition": [
        37.778278307620255,
        -122.43371534399753
    ]
}