{
    "Bayview": {
        "0": 104.5,
        "1": 96.85714285714286,
        "2": 174.84615384615384,
        "3": 267.5,
        "4": 400.0,
        "5": 0,
        "6": 0,
        "7": 0,
        "10": 0
    },
    "Bernal Heights": {
        "0": 227.8,
        "1": 132.66206896551725,
        "2": 230.88372093023256,
        "3": 292.63157894736844,
        "4": 443.75,
        "5": 0,
        "6": 0,
        "7": 0,
        "10": 0
    },
    "Castro/Upper Market": {
        "0": 218.95,
        "1": 169.15432098765433,
        "2": 315.5,
        "3": 499.0,
        "4": 606.0,
        "5": 712.25,
        "6": 0,
        "7": 0,
        "10": 0
    },
    "Chinatown": {
        "0": 205.31578947368422,
        "1": 162.36170212765958,
        "2": 212.0,
        "3": 0,
        "4": 0,
        "5": 0,
        "6": 0,
        "7": 0,
        "10": 0
    },
    "Crocker Amazon": {
        "0": 109.0,
        "1": 80.875,
        "2": 137.33333333333334,
        "3": 315.0,
        "4": 250.0,
        "5": 350.0,
        "6": 0,
        "7": 0,
        "10": 0
    },
    "Diamond Heights": {
        "0": 130.0,
        "1": 144.11111111111111,
        "2": 251.0,
        "3": 332.5,
        "4": 0,
        "5": 0,
        "6": 0,
        "7": 0,
        "10": 0
    },
    "Downtown/Civic Center": {
        "0": 124.7843137254902,
        "1": 149.96954314720813,
        "2": 307.53846153846155,
        "3": 580.0,
        "4": 0,
        "5": 0,
        "6": 0,
        "7": 84.0,
        "10": 0
    },
    "Excelsior": {
        "0": 97.5,
        "1": 82.18840579710145,
        "2": 168.66666666666666,
        "3": 338.8,
        "4": 550.0,
        "5": 0,
        "6": 0,
        "7": 0,
        "10": 0
    },
    "Financial District": {
        "0": 211.25,
        "1": 171.2153846153846,
        "2": 462.0,
        "3": 980.0,
        "4": 0,
        "5": 0,
        "6": 0,
        "7": 0,
        "10": 0
    },
    "Glen Park": {
        "0": 138.5,
        "1": 132.59259259259258,
        "2": 259.5,
        "3": 285.0,
        "4": 487.5,
        "5": 0,
        "6": 0,
        "7": 0,
        "10": 0
    },
    "Golden Gate Park": {
        "0": 170.0,
        "1": 102.5,
        "2": 171.5,
        "3": 0,
        "4": 889.0,
        "5": 0,
        "6": 0,
        "7": 0,
        "10": 0
    },
    "Haight Ashbury": {
        "0": 180.41666666666666,
        "1": 145.24358974358975,
        "2": 289.3333333333333,
        "3": 529.625,
        "4": 506.3333333333333,
        "5": 775.0,
        "6": 0,
        "7": 0,
        "10": 0
    },
    "Inner Richmond": {
        "0": 129.42857142857142,
        "1": 128.59405940594058,
        "2": 312.24,
        "3": 413.0,
        "4": 461.75,
        "5": 499.0,
        "6": 0,
        "7": 0,
        "10": 0
    },
    "Inner Sunset": {
        "0": 353.8333333333333,
        "1": 122.21212121212122,
        "2": 237.36363636363637,
        "3": 341.25,
        "4": 450.0,
        "5": 375.0,
        "6": 0,
        "7": 0,
        "10": 0
    },
    "Lakeshore": {
        "0": 0,
        "1": 133.91666666666666,
        "2": 295.0,
        "3": 295.0,
        "4": 298.0,
        "5": 0,
        "6": 0,
        "7": 0,
        "10": 0
    },
    "Marina": {
        "0": 220.5,
        "1": 194.54716981132074,
        "2": 383.30434782608694,
        "3": 479.0,
        "4": 933.25,
        "5": 0,
        "6": 1250.0,
        "7": 0,
        "10": 0
    },
    "Mission": {
        "0": 254.675,
        "1": 139.20343839541547,
        "2": 285.5,
        "3": 461.5769230769231,
        "4": 573.2,
        "5": 575.0,
        "6": 0,
        "7": 0,
        "10": 0
    },
    "Nob Hill": {
        "0": 175.33333333333334,
        "1": 157.16814159292036,
        "2": 357.0,
        "3": 645.1,
        "4": 590.0,
        "5": 0,
        "6": 0,
        "7": 0,
        "10": 0
    },
    "Noe Valley": {
        "0": 174.05882352941177,
        "1": 181.61111111111111,
        "2": 314.65909090909093,
        "3": 430.0,
        "4": 731.1666666666666,
        "5": 0,
        "6": 0,
        "7": 0,
        "10": 0
    },
    "North Beach": {
        "0": 223.5,
        "1": 161.86111111111111,
        "2": 752.5,
        "3": 583.6,
        "4": 150.0,
        "5": 0,
        "6": 0,
        "7": 0,
        "10": 0
    },
    "Ocean View": {
        "0": 133.25,
        "1": 96.38461538461539,
        "2": 186.84615384615384,
        "3": 276.3333333333333,
        "4": 335.0,
        "5": 0,
        "6": 689.0,
        "7": 0,
        "10": 0
    },
    "Outer Mission": {
        "0": 110.8,
        "1": 131.3783783783784,
        "2": 235.8125,
        "3": 454.8,
        "4": 0,
        "5": 0,
        "6": 0,
        "7": 0,
        "10": 0
    },
    "Outer Richmond": {
        "0": 140.625,
        "1": 138.52941176470588,
        "2": 196.6,
        "3": 266.2307692307692,
        "4": 502.3333333333333,
        "5": 0,
        "6": 0,
        "7": 0,
        "10": 0
    },
    "Outer Sunset": {
        "0": 129.16666666666666,
        "1": 117.52631578947368,
        "2": 203.85,
        "3": 321.125,
        "4": 507.5,
        "5": 0,
        "6": 0,
        "7": 0,
        "10": 0
    },
    "Pacific Heights": {
        "0": 155.85714285714286,
        "1": 182.27777777777777,
        "2": 401.45454545454544,
        "3": 625.9230769230769,
        "4": 500.0,
        "5": 975.0,
        "6": 0,
        "7": 0,
        "10": 0
    },
    "Parkside": {
        "0": 171.33333333333334,
        "1": 267.0208333333333,
        "2": 203.14285714285714,
        "3": 356.4,
        "4": 0,
        "5": 0,
        "6": 0,
        "7": 0,
        "10": 0
    },
    "Potrero Hill": {
        "0": 165.6875,
        "1": 185.04301075268816,
        "2": 391.22857142857146,
        "3": 531.0666666666667,
        "4": 570.0,
        "5": 0,
        "6": 0,
        "7": 0,
        "10": 0
    },
    "Presidio": {
        "0": 802.5,
        "1": 160.0,
        "2": 0,
        "3": 0,
        "4": 0,
        "5": 0,
        "6": 0,
        "7": 0,
        "10": 0
    },
    "Presidio Heights": {
        "0": 0,
        "1": 168.66666666666666,
        "2": 409.5,
        "3": 895.0,
        "4": 0,
        "5": 700.0,
        "6": 0,
        "7": 0,
        "10": 0
    },
    "Russian Hill": {
        "0": 180.6,
        "1": 213.44117647058823,
        "2": 477.14285714285717,
        "3": 754.7777777777778,
        "4": 681.5,
        "5": 0,
        "6": 0,
        "7": 0,
        "10": 0
    },
    "Seacliff": {
        "0": 116.5,
        "1": 142.5,
        "2": 300.0,
        "3": 278.3333333333333,
        "4": 0,
        "5": 0,
        "6": 0,
        "7": 0,
        "10": 0
    },
    "South of Market": {
        "0": 378.32142857142856,
        "1": 234.4564315352697,
        "2": 522.0925925925926,
        "3": 390.1111111111111,
        "4": 0,
        "5": 0,
        "6": 0,
        "7": 0,
        "10": 0
    },
    "Treasure Island/YBI": {
        "0": 63.6,
        "1": 93.38461538461539,
        "2": 0,
        "3": 0,
        "4": 0,
        "5": 0,
        "6": 0,
        "7": 0,
        "10": 0
    },
    "Twin Peaks": {
        "0": 198.33333333333334,
        "1": 140.5581395348837,
        "2": 251.8181818181818,
        "3": 382.5,
        "4": 550.0,
        "5": 595.0,
        "6": 0,
        "7": 0,
        "10": 0
    },
    "Visitacion Valley": {
        "0": 123.0,
        "1": 87.94736842105263,
        "2": 242.33333333333334,
        "3": 235.0,
        "4": 0,
        "5": 0,